ChapterId,ChapterName
7,00) No Chapters
8,01) Soups
9,02) Snackes & Starters
10,03) Vegitables and Salads
11,04) Pizza\Noddles\Pasta and Rice
12,05) Vegitaian Dishes
13,06) Fish Dishes
28,07) Meat Dishes
14,07) Meat Dishes - Beef
15,07) Meat Dishes - Lamb
16,07) Meat Dishes - Pork
17,07) Meat Dishes - Veal
30,08) Poultry Dishes
18,08) Poultry Dishes - Chicken
19,08) Poultry Dishes - Duck
20,08) Poultry Dishes - Turkey
21,09) Desserts
22,10) Cakes and Bakes
23,11) Party Food
24,12) Chutneys
25,13) Jams
26,13) Marmalades
27,13) Sauces
29,14) Dairy
31,15) Drinks
